{"acc": 0.8414371466128759, "loss": 0.1289445969020537, "_timestamp": 1679138197.3349628, "_runtime": 10.50206184387207, "_step": 7, "_wandb": {"runtime": 9}}